1Y.GR01;1;1
1Y.GR02;1;1
1Y.GR03;1;1
1Y.GR04;1;1
1Y.GR05;1;1
1Y.GR06;1;1
1Y.GR07;1;1
1Y.GR09;1;1
1Y.GR10;1;1
1Y.GR11;1;1
1Y.GR12;1;1
1Y.GR13;1;1
1Y.GR14;1;1
1Y.GR15;1;1
1Y.GR16;1;1
1Y.GR17;1;1
1Y.GR18;1;1
1Y.GR19;0;0
1Y.GR19B;1;1
1Y.GR20;1;1
1Y.GR21;1;1
1Y.GR22;1;1
1Y.GR23;1;1
1Y.GR24;1;1
1Y.GR26;1;1
1Y.GR27;1;1
1Y.GR28;1;1
1Y.GR29;1;1
1Y.GR30;1;1
1Y.GR31;1;1
1Y.GR32;1;1
1Y.GR33;1;1
1Y.LFKM;0;0
1Y.MK01A;1;1
1Y.MK02A;1;1
1Y.MK03A;1;1
1Y.MK04A;1;1
2Y.A300A;-1;-1
2Y.A301A;-1;-1
2Y.A302A;-1;-1
2Y.A303A;-1;-1
4P.IT01A;1;1
4P.IT02A;1;1
4P.IT03A;1;1
4P.IT04A;1;1
4P.IT05A;-1;-1
4P.IT06A;1;1
4P.IT07A;1;1
4P.IT08A;1;1
4P.IT09A;1;1
4P.IT20A;1;1
4P.IT22A;1;1
4P.IT23A;1;1
4P.IT24A;1;1
4P.IT26A;1;1
4P.IT27A;1;1
4P.IT28A;1;1
5B.RP01;1;1
5B.RP02;1;1
5B.RP03;1;1
5B.RP04;1;1
5B.RP05;1;1
5B.RP06;1;1
5B.RP07;1;1
5B.RP08;1;1
7B.A001A;3;3
7B.A002B;3;3
7B.A003A;3;3
7B.A004A;3;3
7B.A005B;3;3
7B.A008A;3;3
7B.A011B;3;3
7B.A013A;3;3
7B.A014A;3;3
7B.A016A;3;3
7B.A017A;3;3
7B.A018A;3;3
7B.A019A;3;3
7B.A020B;3;3
7B.A021A;3;3
7B.A024B;3;3
7B.A331A;3;3
7B.A332A;3;3
7B.A333A;3;3
7B.A334A;3;3
7B.A335A;3;3
7B.A336A;3;3
7B.A337A;3;3
7B.A338A;3;3
7B.A339A;5;5
9H.HR01A;1;1
9H.HR02A;1;1
9H.HR03A;1;1
9H.HR04A;1;1
9H.HR05A;1;1
9H.HR06A;1;1
9H.HR07A;1;1
9H.HR08A;1;1
9H.HR09A;1;1
9H.HR10A;1;1
9H.HR11A;1;1
9H.HR12A;1;1
AC.BCI;2;2
AC.BERA;5;5
AC.KBN;-1;-1
AC.LACI;5;5
AC.LSK;2;2
AC.PHP;-1;-1
AC.PUK;2;2
AC.SRN;2;2
AC.VLO;-1;-1
BS.BLKB;2;2
BS.BLSH;0;0
BS.DIM;4;4
BS.DOBAM;1;1
BS.ELND;2;2
BS.JMB;4;4
BS.KALB;2;2
BS.KDZ;0;0
BS.KKB;0;0
BS.KOZAM;1;1
BS.KUBB;2;2
BS.LOZB;2;2
BS.MMB;0;0
BS.MNNAM;1;1
BS.MPE;2;2
BS.PGB;0;0
BS.PLD;0;0
BS.PLNA;0;0
BS.PLVAM;1;1
BS.PLVB;2;2
BS.PRD;0;0
BS.PSN;2;2
BS.PVL;0;0
BS.RAZAM;1;1
BS.RAZG;2;2
BS.RUSAM;1;1
BS.RZN;0;0
BS.SHAB;2;2
BS.SILAM;1;1
BS.SZH;0;0
BS.TRAN;0;0
BS.VETAM;1;1
BS.VTS1;0;0
BS.YUND;5;5
BW.ALFT;0;1
BW.BE1;1;4
BW.BGDS;0;0
BW.BHG;1;1
BW.BIB;0;1
BW.DHFO;0;1
BW.DRMY1;0;0
BW.DRMY2;1;1
BW.DRMY3;0;0
BW.DRMY4;0;0
BW.DRMY5;0;0
BW.DRMY6;0;0
BW.DRMY7;0;0
BW.DROMY;1;1
BW.FFB1;1;1
BW.FFB2;5;5
BW.FFB3;1;1
BW.GELB;0;1
BW.GRMB;0;1
BW.KW1;1;4
BW.MGS01;1;1
BW.MGS02;0;1
BW.MGS03;1;1
BW.MGS04;0;1
BW.MGS05;0;1
BW.MGSBH;1;1
BW.MNH;0;0
BW.OBER;2;2
BW.PART;2;2
BW.RJOB;0;4
BW.RMOA;2;2
BW.RNHA;2;2
BW.RNON;2;2
BW.RTBE;2;2
BW.RTSA;0;3
BW.RTSH;2;2
BW.RWMO;1;1
BW.SCE;0;4
BW.SYB01;0;4
BW.SYB02;0;0
BW.SYB03;0;0
BW.SYBAD;0;0
BW.SYBOB;0;0
BW.TON;0;1
BW.UH3;2;4
BW.ULIP;1;1
BW.WRNG;0;0
BW.ZUGS;2;5
C4.CERN1;3;3
C4.CERN5;3;3
C4.CERNS;3;3
CH.ACB;1;3
CH.AIGLE;1;3
CH.AUBON;1;1
CH.BALST;1;1
CH.BAULM;1;1
CH.BERGE;3;3
CH.BERNI;1;1
CH.BIBA;1;1
CH.BLOTZ;1;1
CH.BNALP;1;3
CH.BOBI;1;1
CH.BOURR;1;3
CH.BRANT;1;3
CH.CHAMB;1;1
CH.CHASS;1;1
CH.COLLE;1;1
CH.DAGMA;1;1
CH.DAVOX;1;1
CH.DIX;3;3
CH.EMBD;1;1
CH.EMING;3;3
CH.EMMET;1;1
CH.EWZT0;1;1
CH.FIESA;3;3
CH.FLACH;2;2
CH.FULLY;1;1
CH.FUORN;1;1
CH.FUSIO;1;1
CH.GIMEL;1;1
CH.GOURZ;1;1
CH.GRIMS;3;3
CH.GRYON;1;1
CH.HAMIK;1;1
CH.HASLI;1;3
CH.HAUIG;3;3
CH.ILLEZ;1;1
CH.JAUN;1;1
CH.LADOL;1;1
CH.LASAR;1;1
CH.LAUCH;1;1
CH.LAVEY;1;1
CH.LIENZ;1;1
CH.LKBD2;1;1
CH.LLS;3;5
CH.MATTE;3;3
CH.MESRY;1;1
CH.METMA;3;3
CH.MFERR;1;1
CH.MMK;1;3
CH.MOUTI;1;1
CH.MTI01;1;1
CH.MTI02;1;1
CH.MTIA1;1;1
CH.MTIA4;1;1
CH.MUGIO;1;3
CH.MUO;1;3
CH.MUTEZ;1;1
CH.NALPS;1;3
CH.ONNEN;1;1
CH.OPENS;1;1
CH.OTER2;3;3
CH.OTTER;1;1
CH.PANIX;3;3
CH.PERON;1;1
CH.PLONS;1;1
CH.ROMAN;3;3
CH.ROTHE;1;1
CH.SAARA;1;1
CH.SAIG;1;1
CH.SAIRA;3;3
CH.SALAN;1;1
CH.SALEV;1;1
CH.SALTS;1;1
CH.SAPK;1;1
CH.SARC;1;1
CH.SARD;1;1
CH.SARE;1;1
CH.SARK;1;1
CH.SAUR;1;1
CH.SAVIG;1;1
CH.SAXE;1;1
CH.SAYF2;1;1
CH.SBAF;1;1
CH.SBAJ2;1;1
CH.SBAK;1;1
CH.SBAM2;1;1
CH.SBAP;1;1
CH.SBAS;1;1
CH.SBAT2;1;1
CH.SBAV;1;1
CH.SBAW;1;1
CH.SBEF;1;1
CH.SBERN;1;1
CH.SBGN;1;1
CH.SBIF2;1;1
CH.SBIK;1;1
CH.SBIS2;1;1
CH.SBRS;1;1
CH.SBUA2;1;1
CH.SBUB;1;1
CH.SBUH;1;1
CH.SBUL;1;1
CH.SBUS;1;1
CH.SCAS2;1;1
CH.SCEL;1;1
CH.SCHAT;1;1
CH.SCHIO;1;1
CH.SCHK;1;1
CH.SCHS;1;1
CH.SCME;1;1
CH.SCOD;1;1
CH.SCOU;1;1
CH.SCRM;1;1
CH.SCUC;1;1
CH.SCUG;1;1
CH.SDAK;1;1
CH.SDES;1;1
CH.SEFS;1;1
CH.SEMOS;1;1
CH.SENGL;1;1
CH.SENIN;3;3
CH.SEPFL;1;1
CH.SFEL;1;1
CH.SFRA;1;1
CH.SFRS;1;1
CH.SFRU;1;1
CH.SFUY;1;1
CH.SGAK;1;1
CH.SGEV;1;1
CH.SGLK;1;1
CH.SGRA;1;1
CH.SGT00;2;2
CH.SGWS;1;1
CH.SHEK;1;1
CH.SHER;1;1
CH.SIEB;1;1
CH.SIMPL;1;1
CH.SINS;1;1
CH.SIOH;1;1
CH.SIOM;1;1
CH.SIOO;1;1
CH.SIOV;1;1
CH.SIZS;1;1
CH.SKAF;1;1
CH.SKEK;1;1
CH.SKIES;1;1
CH.SKLW;1;1
CH.SKRK;1;1
CH.SLCF;1;1
CH.SLE;1;3
CH.SLENK;1;1
CH.SLIES;1;1
CH.SLOP;1;1
CH.SLTM2;1;1
CH.SLUB;1;1
CH.SLUK;1;1
CH.SLUW;1;1
CH.SLUX;1;1
CH.SMAO;1;1
CH.SMEIS;1;1
CH.SMELS;1;1
CH.SMFL;1;1
CH.SMOE;1;1
CH.SMZW;1;1
CH.SNES2;1;1
CH.SNIB;1;1
CH.SNTZ;1;1
CH.SOLB;1;1
CH.SOLZ;1;1
CH.SONUG;1;1
CH.SRENH;1;1
CH.SRER;1;1
CH.SRFW;1;1
CH.SRHB;1;1
CH.SRHE;1;1
CH.SRHH;1;1
CH.SSCN;1;1
CH.SSMS;1;1
CH.SSTS;1;1
CH.STAF;1;1
CH.STEIN;1;1
CH.STGK;1;1
CH.STHK;1;1
CH.STIEG;1;1
CH.STRW;1;1
CH.STSP;1;1
CH.STSW2;1;1
CH.SULZ;1;3
CH.SUSI;1;1
CH.SVAM;1;1
CH.SVBE;1;1
CH.SVEJ;1;1
CH.SVIK;1;1
CH.SVIL;1;1
CH.SVIO;1;1
CH.SVIS1;1;1
CH.SVIT;1;1
CH.SWAS;1;1
CH.SWERG;1;1
CH.SWIK;1;1
CH.SWIM;1;1
CH.SWIS;1;1
CH.SWYZ;1;1
CH.SYVP;1;1
CH.SZEK;1;1
CH.SZER;1;1
CH.SZIM;1;1
CH.SZUZ;1;1
CH.SZWD2;1;1
CH.TORNY;1;1
CH.TRULL;1;1
CH.VANNI;1;1
CH.VDL;1;3
CH.VDR;1;1
CH.VINZL;1;1
CH.VMV;1;1
CH.WALHA;3;3
CH.WEIN;1;1
CH.WEIN2;1;1
CH.WGT;1;1
CH.WILA;1;1
CH.WIMIS;1;1
CH.WOLEN;3;3
CH.ZUR;1;3
CL.AGEO;-1;-1
CL.AGRP;-1;4
CL.AIOA;-1;-1
CL.DIMT;-1;-1
CL.MALA;4;4
CL.MG04;-1;-1
CL.MG06;-1;-1
CL.PANR;-1;-1
CL.PSAM;-1;4
CL.PSAR;-1;-1
CL.PYRG;-1;-1
CL.ROD3;-1;4
CL.TEME;-1;-1
CL.TRIZ;-1;4
CL.ZIRI;-1;4
CR.BRJN;2;2
CR.DBRK;0;0
CR.HVAR;2;2
CR.MORI;0;0
CR.MOSL;2;2
CR.OZLJ;0;0
CR.RIY;0;0
CR.STON;0;0
CR.ZAG;0;0
CZ.CKRC;0;1
CZ.DPC;2;5
CZ.JAVC;0;0
CZ.KHC;2;2
CZ.KRLC;0;1
CZ.KRUC;0;0
CZ.MAUC;0;0
CZ.MORC;2;2
CZ.OKC;4;4
CZ.PRA;0;0
CZ.PRU;2;2
CZ.STAC;0;0
CZ.STEB;0;0
CZ.TREC;0;1
CZ.VRAC;0;0
CZ.ZVC;0;0
EG.BUT;0;0
EG.E02;0;0
EG.E03;0;0
EG.GRA;0;0
EG.MMAA;0;0
EG.PRR;0;0
EG.SHTA;0;0
EG.STC;0;0
EG.STE;0;0
EG.TST;0;0
EG.W01;0;0
EG.W02;0;0
EG.W03;0;0
FR.ABJF;-1;-1
FR.ADHE;-1;-1
FR.AGO;-1;-1
FR.AJAC;-1;1
FR.ARBF;-1;-1
FR.ARTF;-1;1
FR.ASEAF;4;4
FR.BALS;-1;-1
FR.BANN;-1;-1
FR.BLAF;-1;-1
FR.BOUC;-1;1
FR.BRGF;-1;-1
FR.BSTF;-1;-1
FR.CALF;-1;-1
FR.CFF;-1;-1
FR.CHA2;-1;-1
FR.CHAMO;-1;-1
FR.CHLF;-1;-1
FR.CHMF;-1;-1
FR.CLAF;-1;1
FR.CMPS;-1;-1
FR.COLF;-1;-1
FR.COURM;-1;-1
FR.CREF;-1;-1
FR.EILF;1;1
FR.ENAUX;-1;-1
FR.ESCA;-1;-1
FR.FAHY;-1;-1
FR.FOURG;-1;-1
FR.FRNF;-1;-1
FR.GARF;-1;-1
FR.GRN;-1;1
FR.GZNF;-1;-1
FR.HOUCH;-1;-1
FR.HRSF;-1;-1
FR.ILLF;-1;1
FR.ISO;-1;1
FR.JAUF;-1;-1
FR.LAJAS;-1;-1
FR.LBL;-1;-1
FR.LEPF;-1;-1
FR.LEUC;-1;-1
FR.MCECU;-1;-1
FR.MFC;-1;-1
FR.MIGAL;-1;-1
FR.MLYF;-1;-1
FR.MON;-1;-1
FR.MONQ;-1;-1
FR.MORSI;-1;-1
FR.MUG01;-1;-1
FR.MVIF;-1;1
FR.NIMR;-1;-1
FR.NOCA;-1;-1
FR.OG02;-1;-1
FR.OG35;-1;-1
FR.OGAG;-1;-1
FR.OGCB;-1;-1
FR.OGCC;-1;-1
FR.OGCE;-1;-1
FR.OGCN;-1;-1
FR.OGCY;-1;-1
FR.OGDF;-1;-1
FR.OGDI;-1;-1
FR.OGGL;-1;-1
FR.OGJA;-1;-1
FR.OGLC;-1;-1
FR.OGMO;-1;1
FR.OGMY;-1;-1
FR.OGRV;-1;-1
FR.OGS1;-1;-1
FR.OGS2;-1;-1
FR.OGS3;-1;-1
FR.OGSA;-1;-1
FR.OGSI;-1;1
FR.OGSM;-1;1
FR.OGVA;-1;-1
FR.OGVG;-1;-1
FR.PIAF;-1;-1
FR.PLDF;-1;-1
FR.PLYF;-1;-1
FR.PRABE;-1;-1
FR.PRIMA;-1;-1
FR.REST;-1;-1
FR.REVF;-1;1
FR.RIVEL;-1;-1
FR.RONF;1;1
FR.RSL;-1;-1
FR.RUSF;4;4
FR.SALSA;-1;-1
FR.SAOF;-1;-1
FR.SAUF;-1;-1
FR.SGSF;-1;-1
FR.SLVF;-1;-1
FR.SMPL;-1;-1
FR.SPIF;-1;-1
FR.STROF;-1;-1
FR.SURF;-1;-1
FR.TAMIE;-1;-1
FR.TRBF;-1;-1
FR.TRIGF;-1;-1
FR.TURF;-1;-1
FR.VAL4;0;0
FR.VERF;-1;-1
FR.WALT;-1;1
G.SSB;-1;4
GE.KERA;0;4
GE.MARCO;4;4
GE.MATE;4;4
GE.TIRR;4;4
GQ.MUNBY;0;0
GQ.SILBW;0;0
GR.FUR;3;3
GR.GEA0;0;0
GR.GEA1;0;0
GR.GEA2;0;0
GR.GEA3;0;0
GR.GEB1;0;0
GR.GEB2;0;5
GR.GEB3;0;0
GR.GEB4;0;0
GR.GEB5;0;0
GR.GEC1;0;0
GR.GEC2;2;2
GR.GEC2X;0;0
GR.GEC3;0;0
GR.GEC4;0;0
GR.GEC5;0;0
GR.GEC6;0;0
GR.GEC7;2;2
GR.GED1;0;0
GR.GED2;0;0
GR.GED3;0;0
GR.GED4;0;0
GR.GED5;0;0
GR.GED6;0;0
GR.GED7;0;0
GR.GED8;0;0
GR.GED9;0;0
GR.I26H1;4;4
GR.I26H2;0;3
GR.I26H3;0;3
GR.I26H4;0;3
GR.I26H5;0;3
GR.I26H6;0;0
GR.I26H7;0;0
GR.I26H8;0;0
GR.UBR;0;0
GU.BHB;-1;-1
GU.BIGN;-1;-1
GU.BLANC;-1;-1
GU.BURY;-1;-1
GU.CANO;-1;-1
GU.CARD;-1;-1
GU.CIRO;2;2
GU.ENR;-1;-1
GU.EQUI;-1;4
GU.FIVI;-1;-1
GU.GBOS;-1;-1
GU.GENL;-1;-1
GU.GORR;4;4
GU.GRAM;2;2
GU.GSCL;-1;-1
GU.IMI;2;4
GU.LSD;2;2
GU.MAIM;3;3
GU.MGRO;-1;-1
GU.NEGI;3;3
GU.PCP;2;2
GU.POPM;3;3
GU.PZZ;2;2
GU.REMY;2;2
GU.RNCA;2;2
GU.RORO;3;3
GU.ROTM;2;2
GU.RRL;2;2
GU.RSP;2;2
GU.SARM;4;4
GU.SATI;2;2
GU.STV;-1;-1
GU.TRAV;2;2
GX.CAMPI;0;0
HA.ACOR;0;4
HA.AIGS;0;0
HA.AMPE;4;4
HA.ANTK;0;0
HA.ATAL;0;4
HA.ATHR;4;4
HA.ATHU;2;2
HA.AXAR;0;0
HA.CORS;0;0
HA.DOMV;0;0
HA.DRES;1;1
HA.EPID;0;0
HA.ERTR;1;1
HA.HAVD;4;4
HA.KALE;0;0
HA.KARY;0;0
HA.KIAS;0;0
HA.LAKA;0;0
HA.LOUT;0;0
HA.LTRS;0;0
HA.MDRA;2;2
HA.MRKA;0;4
HA.MRTH;4;4
HA.NAFS;0;0
HA.PRDM;0;0
HA.PSAH;0;0
HA.SERI;0;0
HA.SNT1;0;4
HA.SNT5;4;4
HA.STFN;4;4
HA.THAL;0;0
HA.THIV;4;4
HA.VILL;0;0
HA.XLKS;0;0
HC.ABEA;0;0
HC.ATEI;0;0
HC.CHAN;0;0
HC.DEYA;0;0
HC.G0LD;0;0
HC.GVDS;0;0
HC.IMOD;0;0
HC.IPPL;0;0
HC.KNDR;2;2
HC.KNSS;0;0
HC.KTHR;0;0
HC.KTRS;0;0
HC.LENT;0;0
HC.MULT;0;0
HC.NERO;0;0
HC.PASK;0;0
HC.PERI;0;0
HC.PFKS;0;0
HC.POLY;0;0
HC.RODP;0;4
HC.SOUD;0;0
HC.STIA;0;0
HC.TEFL;4;4
HC.THNO;0;0
HI.AGN1;0;0
HI.AGR3;0;0
HI.AIA1;0;0
HI.AIG2;0;0
HI.AKR1;0;0
HI.ALX2;0;0
HI.AOL1;0;0
HI.ARE2;0;0
HI.ARG2;0;0
HI.ARK1;0;0
HI.ARS1;0;0
HI.ART2;0;0
HI.AST1;0;0
HI.ATH5;0;0
HI.CH01;0;0
HI.CH02;0;0
HI.CH03;0;0
HI.DRA2;0;0
HI.FLO2;0;0
HI.FRS1;0;0
HI.GOR1;0;0
HI.GRE3;0;0
HI.GTH2;0;0
HI.HER1;0;0
HI.HER2;0;0
HI.HER3;0;0
HI.IGM2;0;0
HI.ITC1;0;0
HI.ITE1;0;0
HI.ITS1;0;0
HI.JAN2;0;0
HI.JAN3;0;0
HI.KAC1;0;0
HI.KAL3;0;0
HI.KAR2;0;0
HI.KAS2;0;0
HI.KIF1;0;0
HI.KIS1;0;0
HI.KLR1;0;0
HI.KLV1;0;0
HI.KMT1;0;0
HI.KMV1;0;0
HI.KNS1;0;0
HI.KOR2;0;0
HI.KOZ2;0;0
HI.KRI1;0;0
HI.KRK1;0;0
HI.KSS1;0;0
HI.KTL1;0;0
HI.KYM1;0;0
HI.KYP2;0;0
HI.LAM2;0;0
HI.LAR4;0;0
HI.LEF2;0;0
HI.LEO1;0;0
HI.LMN1;0;0
HI.LMS2;0;0
HI.LXR1;0;0
HI.LXR2;0;0
HI.MGP1;0;0
HI.MOS1;0;0
HI.MSL1;0;0
HI.NAX1;0;0
HI.NMA1;0;0
HI.NPS1;0;0
HI.PAT4;0;0
HI.PAT5;0;0
HI.PER1;0;0
HI.PET1;0;0
HI.PIR1;0;0
HI.PIR2;0;0
HI.PIR3;0;0
HI.PLA1;0;0
HI.PLC1;0;0
HI.PLN1;0;0
HI.PRE2;0;0
HI.PTO1;0;0
HI.PYL1;0;0
HI.PYR2;0;0
HI.PYR3;0;0
HI.RTH1;0;0
HI.SEIS;0;0
HI.SFK2;0;0
HI.SFL1;0;0
HI.SFR2;0;0
HI.SGR1;0;0
HI.SIA1;0;0
HI.SIT2;0;0
HI.SKO1;0;0
HI.SKY1;0;0
HI.SPP1;0;0
HI.STL1;0;0
HI.THS1;0;0
HI.THV2;0;0
HI.TRP1;0;0
HI.VAS2;0;0
HI.VOL2;0;0
HI.VOL3;0;0
HI.VRO1;0;0
HI.VSK1;0;0
HI.XAN2;0;0
HI.ZAK2;0;0
HL.ACHA;1;1
HL.AGNA;1;1
HL.AGXA;0;0
HL.AIGN;0;0
HL.ALNA;0;0
HL.AMGA;0;0
HL.AMYA;0;0
HL.ANKY;0;0
HL.APE;0;0
HL.ARIA;1;1
HL.ARTB;1;1
HL.ASTA;0;0
HL.ATH;1;1
HL.ATHP;1;1
HL.CHNB;1;1
HL.CLEM;0;0
HL.CRE1;0;0
HL.CRE2;0;0
HL.CRE3;0;0
HL.CRE4;0;0
HL.DION;5;5
HL.DLFA;1;1
HL.DRPA;1;1
HL.EFSA;1;1
HL.ELAT;0;0
HL.ELFA;1;1
HL.ELIN;0;0
HL.EVR;0;0
HL.GINA;1;1
HL.GVD;1;1
HL.HERG;0;0
HL.IACM;1;1
HL.IDI;0;0
HL.IKRA;1;1
HL.IMAN;0;0
HL.IMMV;0;0
HL.ITM;0;4
HL.JAN;0;0
HL.KARA;0;0
HL.KARP;0;1
HL.KASA;1;1
HL.KEK;0;4
HL.KIAA;1;1
HL.KLNA;1;1
HL.KLV;0;0
HL.KOMA;1;1
HL.KOSD;0;0
HL.KSTE;0;0
HL.KTHA;1;1
HL.KURT;0;0
HL.KVLA;1;1
HL.KYMI;0;0
HL.KYPS;0;0
HL.KZN;0;0
HL.LALA;0;0
HL.LIA;0;0
HL.LKR;3;3
HL.LVRA;0;0
HL.LXRA;1;1
HL.MET1;1;1
HL.MET2;0;0
HL.MET3;0;0
HL.MET4;0;0
HL.MET5;0;0
HL.MET6;0;0
HL.MGNA;1;1
HL.MHLO;0;0
HL.MILA;1;1
HL.MNVA;1;1
HL.MRTH;0;0
HL.NASA;1;1
HL.NEO;0;1
HL.NGRA;1;1
HL.NISR;5;5
HL.NISR2;0;0
HL.NOAC;0;0
HL.NPLA;1;1
HL.NPS;0;0
HL.NVR;2;2
HL.OINA;0;0
HL.OREA;1;1
HL.ORTH;0;0
HL.OTHN;0;0
HL.PATC;1;1
HL.PATG;0;0
HL.PENT;2;2
HL.PLG;0;0
HL.PRAS;0;0
HL.PRGA;1;1
HL.PSRA;0;0
HL.PTL;0;5
HL.RDO;2;4
HL.RIOA;1;1
HL.RLS;0;0
HL.SANT;0;0
HL.SAP3;0;0
HL.SAP4;0;0
HL.SIVA;0;0
HL.SKY;0;0
HL.SMHA;1;1
HL.SMTH;0;0
HL.SOFA;1;1
HL.TETR;0;0
HL.THERA;0;0
HL.THI1;0;0
HL.THI2;0;0
HL.THL;0;0
HL.THRA;0;0
HL.THVA;0;0
HL.THVC;0;0
HL.TITH;0;0
HL.TNSA;0;0
HL.TRKA;1;1
HL.VAM;0;0
HL.VASL;0;0
HL.VELA;0;0
HL.VLI;0;0
HL.VLS;0;4
HL.VLY;0;4
HL.YDRA;0;0
HL.ZARA;1;1
HL.ZKR;0;4
HP.AMPL;0;0
HP.AMT;0;0
HP.ANX;0;0
HP.AXS;2;4
HP.DRO;0;0
HP.DSF;2;2
HP.EFP;0;1
HP.FSK;0;0
HP.GUR;0;0
HP.KSTR;0;0
HP.LTHK;0;0
HP.LTK;0;0
HP.PDO;0;1
HP.PLEV;1;1
HP.PRMD;0;0
HP.PVO;0;0
HP.PYL;0;0
HP.SERG;0;0
HP.UPR;0;4
HP.VALY;0;0
HP.VLX;0;0
HP.VVK;0;1
HT.ACHL;4;4
HT.AGG;0;0
HT.AKRO;0;0
HT.ALN;0;0
HT.AOS2;0;0
HT.CHOS;0;0
HT.CMBO;0;5
HT.DMLN;4;4
HT.DRAG;0;4
HT.EVGI;0;4
HT.FLNA;2;2
HT.FNA;0;0
HT.FNA1;0;0
HT.FNA2;0;0
HT.FNA3;0;0
HT.FNA4;0;0
HT.FNA5;0;0
HT.GRG;0;0
HT.HORT;0;0
HT.IGT;0;0
HT.ITHC;4;4
HT.KAVA;0;0
HT.KNT;2;5
HT.KOKK;0;0
HT.KPRO;0;0
HT.KRND;0;0
HT.LFKM;0;0
HT.LIT;0;0
HT.LKD2;0;0
HT.NESN;4;4
HT.NEST;0;0
HT.NIS1;0;0
HT.NYDR;4;4
HT.OUR;0;0
HT.PAIG;0;0
HT.PSDA;0;0
HT.RTZL;0;0
HT.SIGR;0;0
HT.SOH;0;0
HT.SRS;2;2
HT.STRF;0;0
HT.THAS;0;0
HT.THE;0;0
HT.THR2;0;0
HT.THR3;0;0
HT.THR5;0;0
HT.THR6;0;0
HT.THR8;0;0
HT.THR9;0;0
HT.THT1;0;4
HT.TSLK;4;4
HT.TYRN;0;0
HT.XOR;0;0
HU.ABAH;0;0
HU.AMBH;0;0
HU.BEHE;0;4
HU.BSZH;0;0
HU.BUD;0;0
HU.CSKK;0;4
HU.EGYH;0;0
HU.KOVH;0;0
HU.LTVH;0;0
HU.MORH;0;0
HU.MPLH;0;0
HU.PSZ;4;4
HU.SOP;0;0
HU.TIH;2;2
HU.TRPA;0;0
IV.ACATE;-1;-1
IV.ACER;-1;-1
IV.AGLI;-1;-1
IV.AGST;-1;3
IV.AIO;-1;-1
IV.ALJA;2;3
IV.AMUR;-1;-1
IV.AOI;2;4
IV.APEC;-1;-1
IV.APPI;-1;3
IV.APRC;-1;-1
IV.ARCI;-1;-1
IV.ARRO;-1;-1
IV.ARVD;2;3
IV.ASCOL;-1;-1
IV.ASOL;-1;-1
IV.ASQU;-1;-1
IV.ASSB;2;2
IV.ATBU;-1;-1
IV.ATCC;-1;-1
IV.ATFO;2;2
IV.ATLO;-1;-1
IV.ATMC;-1;-1
IV.ATMI;2;2
IV.ATPC;2;2
IV.ATPI;-1;-1
IV.ATSC;-1;-1
IV.ATVA;-1;-1
IV.ATVO;2;2
IV.BADI;-1;3
IV.BAG8;-1;-1
IV.BARO;-1;-1
IV.BASIC;-1;-1
IV.BDI;2;2
IV.BIOG;-1;-1
IV.BLLA;-1;-1
IV.BOB;2;2
IV.BORM;-1;-1
IV.BOSL;2;2
IV.BOZZ;-1;-1
IV.BRES;-1;4
IV.BRICA;-1;-1
IV.BRIS;-1;-1
IV.BRMO;3;3
IV.BRSN;-1;-1
IV.BSSO;-1;-1
IV.BULG;2;2
IV.BULT;-1;-1
IV.CAAM;2;2
IV.CADA;-1;-1
IV.CADC;-1;-1
IV.CAFE;-1;-1
IV.CAFI;3;3
IV.CAGG;-1;-1
IV.CAIS;-1;-1
IV.CAMP;-1;3
IV.CAPA;-1;-1
IV.CAPR;-1;-1
IV.CAR1;-1;-1
IV.CASP;2;2
IV.CAVE;-1;-1
IV.CAVT;2;2
IV.CAWE;4;4
IV.CBAC;4;4
IV.CBAG;5;5
IV.CCAP;-1;-1
IV.CDCA;-1;4
IV.CDRU;-1;-1
IV.CELB;2;2
IV.CELI;-1;-1
IV.CERA;-1;-1
IV.CERT;-1;-1
IV.CESI;2;3
IV.CESX;3;3
IV.CET2;2;2
IV.CFMN;2;4
IV.CGL;4;4
IV.CIGN;2;3
IV.CIMA;-1;-1
IV.CIMI;-1;-1
IV.CING;2;2
IV.CLTA;-1;-1
IV.CLTB;3;3
IV.CMDO;3;3
IV.CMIS;-1;-1
IV.CMPO;-1;-1
IV.CMPR;-1;-1
IV.CMSN;-1;-1
IV.CMTS;4;4
IV.CNCS;-1;-1
IV.CNIS;4;4
IV.COLB;4;4
IV.COR1;-1;-1
IV.CORL;3;3
IV.CPGN;-1;-1
IV.CPIS;5;5
IV.CPOZ;4;4
IV.CPTP;2;2
IV.CQUE;3;3
IV.CRAC;4;4
IV.CRE;2;3
IV.CRJA;2;2
IV.CRMI;2;2
IV.CRND;-1;-1
IV.CROCE;-1;-1
IV.CRTC;-1;-1
IV.CRTO;4;4
IV.CSFT;-1;-1
IV.CSGE1;-1;-1
IV.CSLB;3;3
IV.CSNT;2;3
IV.CSOB;5;5
IV.CSP1;-1;-1
IV.CSTH;2;2
IV.CTI;-1;3
IV.CTL8;2;2
IV.DGI;-1;4
IV.EBCN;-1;-1
IV.EBDA;2;2
IV.ECBD;-1;-1
IV.ECHR;-1;-1
IV.ECNE;-1;-1
IV.ECPN;-1;-1
IV.ECTS;-1;4
IV.ECZM;-1;-1
IV.EFIU;2;2
IV.EL6;-1;-1
IV.EMAS;2;2
IV.EMCN;-1;-1
IV.EMFO;-1;-1
IV.EMFS;-1;-1
IV.EMNR;-1;-1
IV.EMPL;2;2
IV.EMSA;-1;-1
IV.EMSG;-1;-1
IV.ENIC;2;2
IV.EPDN;-1;-1
IV.EPIT;-1;-1
IV.EPLC;-1;-1
IV.EPMN;-1;-1
IV.EPOZ;2;2
IV.EPZF;-1;-1
IV.ERBM;-1;3
IV.ERC;-1;-1
IV.ESAL;-1;-1
IV.ESCV;-1;-1
IV.ESLN;2;2
IV.ESML;2;2
IV.ESPC;-1;-1
IV.ESVO;-1;-1
IV.EUCT;-1;-1
IV.EVRN;-1;-1
IV.FAEN;-1;-1
IV.FAGN;2;3
IV.FANO;-1;-1
IV.FAVA;-1;-1
IV.FCOR;-1;-1
IV.FDMO;-1;-1
IV.FELT;-1;-1
IV.FEMA;-1;-1
IV.FERC;4;4
IV.FERS;-1;-1
IV.FIAM;2;4
IV.FIR;2;3
IV.FIU;4;4
IV.FIU1;-1;-1
IV.FNVD;2;2
IV.FOSV;-1;-1
IV.FREG;-1;-1
IV.FRON;-1;-1
IV.FROS;4;4
IV.FVI;2;4
IV.GAG1;-1;-1
IV.GALF;3;3
IV.GATE;-1;-1
IV.GAVE;-1;-1
IV.GIB;-1;3
IV.GIGS;3;3
IV.GIUL;5;5
IV.GIZZ;-1;-1
IV.GMB1;-1;-1
IV.GRI;-1;3
IV.GRIS;-1;-1
IV.GUAR;5;5
IV.GUMA;3;3
IV.HAGA;3;3
IV.HAVL;3;3
IV.HCRL;3;3
IV.HLNI;3;3
IV.HMDC;3;3
IV.HPAC;-1;-1
IV.HSRS;2;2
IV.HVIT;2;2
IV.HVZN;3;3
IV.IACL;3;3
IV.IBCM;4;4
IV.ICVJ;4;4
IV.IFIL;3;4
IV.IFOR;-1;-1
IV.ILOS;3;3
IV.IMOL;-1;-1
IV.IMTC;-1;-1
IV.INTR;2;2
IV.IOCA;4;4
IV.IPAI;-1;-1
IV.IPNR;-1;-1
IV.IPSM;2;2
IV.ISNA;-1;-1
IV.ISPIC;2;2
IV.IST3;2;2
IV.ISTR;2;2
IV.IVCR;-1;-1
IV.IVGP;-1;-1
IV.IVLC;2;2
IV.IVLT;-1;-1
IV.IVPL;2;2
IV.IVUG;2;2
IV.JOPP;-1;-1
IV.LADO;-1;-1
IV.LATB;-1;-1
IV.LATE;2;2
IV.LAV9;2;2
IV.LEVAN;-1;-1
IV.LIBRI;-1;-1
IV.LIK;-1;-1
IV.LINA;4;4
IV.LMD;-1;-1
IV.LNSS;3;4
IV.LOCA;-1;-1
IV.LPDG;-1;-1
IV.LPEL;2;2
IV.LRP;-1;-1
IV.LTRZ;2;3
IV.MA9;3;3
IV.MABI;2;2
IV.MAGA;-1;3
IV.MAGO;4;4
IV.MARIO;-1;-1
IV.MARS;-1;-1
IV.MBAL;-1;-1
IV.MBFT;-1;-1
IV.MC2;4;4
IV.MCEL;2;2
IV.MCI;-1;-1
IV.MCIF;-1;-1
IV.MCIV;4;4
IV.MCPD;-1;-1
IV.MCRV;3;3
IV.MCT;-1;3
IV.MDAR;-1;-1
IV.MDI;2;2
IV.MELA;2;2
IV.MERA;-1;-1
IV.MESG;2;2
IV.MF5;-1;-1
IV.MFNL;2;2
IV.MGAB;2;2
IV.MGR;2;3
IV.MIDA;2;2
IV.MIGL;-1;-1
IV.MILN;-1;-1
IV.MILZ;2;2
IV.MMGO;2;3
IV.MML1;-1;-1
IV.MMN;2;2
IV.MMO1;-1;-1
IV.MMUR;-1;-1
IV.MNTP;-1;-1
IV.MNTT;-1;-1
IV.MNTV;-1;-1
IV.MOCL;-1;-1
IV.MOCO;-1;-1
IV.MODE;-1;4
IV.MODR;2;2
IV.MOMA;2;2
IV.MONC;2;2
IV.MPAG;-1;-1
IV.MPAZ;3;3
IV.MPG;-1;4
IV.MPNC;3;3
IV.MPPT;-1;-1
IV.MRB1;-1;-1
IV.MRCB;-1;-1
IV.MRGE;2;2
IV.MRLC;3;3
IV.MRVN;-1;-1
IV.MSAG;2;2
IV.MSFR;3;3
IV.MSRU;-1;-1
IV.MSSA;2;2
IV.MTCE;2;4
IV.MTGR;2;2
IV.MTL1;-1;-1
IV.MTMR;-1;-1
IV.MTRA;-1;-1
IV.MTRZ;2;2
IV.MTSN;2;2
IV.MTTG;2;2
IV.MUCR;-1;-1
IV.MURB;2;2
IV.NARO;-1;-1
IV.NDIM;-1;-1
IV.NEVI;-1;-1
IV.NICCA;-1;-1
IV.NOCI;-1;-1
IV.NOV;3;3
IV.NRCA;2;2
IV.OFFI;-1;-1
IV.OPPE;2;2
IV.ORI;2;3
IV.ORO;4;4
IV.ORTE;-1;-1
IV.ORZI;-1;-1
IV.OSSC;-1;-1
IV.OVO;-1;-1
IV.PABO;-1;-1
IV.PALZ;-1;-1
IV.PANTE;-1;-1
IV.PAOL;-1;-1
IV.PARC;2;2
IV.PCN;-1;-1
IV.PCRO;-1;-1
IV.PE3;-1;-1
IV.PESA;2;3
IV.PETRA;3;3
IV.PF6;-1;-1
IV.PGEL;-1;-1
IV.PGHD;-1;-1
IV.PIEI;2;3
IV.PIGN;-1;-1
IV.PII;-1;-1
IV.PIO1;-1;-1
IV.PIPA;-1;3
IV.PLAC;-1;-1
IV.PLLN;-1;-1
IV.PLMA;-1;3
IV.POFI;2;2
IV.PP3;-1;-1
IV.PRMA;-1;3
IV.PSB1;2;2
IV.PSL;-1;-1
IV.PTCC;2;2
IV.PTMR;2;2
IV.PTQR;3;3
IV.PTRJ;2;2
IV.PTRP;-1;3
IV.PZIN;-1;-1
IV.PZUN;3;3
IV.QLNO;2;3
IV.RAFF;3;3
IV.RAVA;-1;-1
IV.RCAV;-1;-1
IV.RDP;5;5
IV.RESU;3;3
IV.RIBO;-1;-1
IV.RINC;4;4
IV.RM33;-1;-1
IV.RMP;-1;1
IV.RNI2;-1;-1
IV.ROM9;4;4
IV.ROSPO;4;4
IV.ROVR;-1;-1
IV.RSM2;-1;-1
IV.RUFI;-1;-1
IV.SACR;2;2
IV.SACS;-1;-1
IV.SAIV;-1;-1
IV.SAL;-1;-1
IV.SALB;-1;-1
IV.SALO;-1;-1
IV.SAMA;5;5
IV.SANR;4;4
IV.SAP2;-1;-1
IV.SARZ;-1;-1
IV.SBPO;-1;-1
IV.SCHR;-1;3
IV.SCIAC;-1;-1
IV.SCIAR;-1;-1
IV.SCIC;-1;-1
IV.SCTE;-1;-1
IV.SEF1;-1;-1
IV.SEI;-1;-1
IV.SELL;-1;-1
IV.SENI;-1;-1
IV.SERM;-1;-1
IV.SERS;2;2
IV.SFI;-1;3
IV.SGAL;4;4
IV.SGG;2;4
IV.SGO;-1;-1
IV.SGRT;2;2
IV.SGTA;2;2
IV.SICLA;-1;-1
IV.SIRI;-1;-1
IV.SLCN;3;3
IV.SMA1;-1;-1
IV.SNAL;-1;1
IV.SNTG;3;3
IV.SOI;3;3
IV.SOLUN;2;3
IV.SORR;-1;-1
IV.SPS2;-1;-1
IV.SRES;-1;-1
IV.SSFR;2;2
IV.SSM1;-1;-1
IV.SSP9;-1;-1
IV.SSY;3;3
IV.STAL;-1;-1
IV.STRC;4;4
IV.STRE;-1;-1
IV.STRG;4;4
IV.TB01;4;4
IV.TB02;4;4
IV.TB03;5;5
IV.TDS;-1;-1
IV.TEOL;3;3
IV.TERO;3;4
IV.TOLF;2;4
IV.TRE1;-1;-1
IV.TREG;-1;-1
IV.TREM;-1;-1
IV.TRIF;4;4
IV.TRIV;-1;-1
IV.TRTR;2;2
IV.TSM1;-1;-1
IV.TSM2;-1;-1
IV.TSM3;-1;-1
IV.TSM4;-1;-1
IV.TSM5;-1;-1
IV.TSM6;-1;-1
IV.USI;2;2
IV.VAGA;-1;-1
IV.VARE;-1;-1
IV.VBKE;-1;-1
IV.VBKN;4;4
IV.VBKS;-1;-1
IV.VBKW;-1;-1
IV.VCEL;-1;4
IV.VCNE;-1;4
IV.VCRE;4;4
IV.VENL;4;4
IV.VENT;-1;3
IV.VISG;2;4
IV.VITU;2;2
IV.VIVA;-1;-1
IV.VMAN;-1;-1
IV.VMGN;2;2
IV.VOBA;4;4
IV.VPOB;-1;-1
IV.VTIR;2;2
IV.VTRZ;4;4
IV.VULT;-1;-1
IV.VVDG;4;4
IV.VVLD;2;3
IV.ZCCA;2;4
IV.ZEN8;-1;-1
IV.ZOVE;4;4
IX.AND3;-1;-1
IX.BEL3;-1;-1
IX.BENI;-1;-1
IX.BSC3;-1;-1
IX.CGG3;-1;-1
IX.CLT3;-1;-1
IX.CMP3;-1;-1
IX.COL3;-1;-1
IX.CSG3;-1;-1
IX.LGS3;-1;-1
IX.LIO3;-1;-1
IX.MNT3;-1;-1
IX.MRN3;-1;-1
IX.NAPI;-1;-1
IX.NSC3;-1;-1
IX.PGN3;-1;-1
IX.PST3;-1;-1
IX.RDM3;-1;-1
IX.RSF3;-1;-1
IX.SALI;-1;-1
IX.SCL3;-1;-1
IX.SFL3;-1;-1
IX.SNR3;-1;-1
IX.SRN3;-1;-1
IX.SSB3;-1;-1
IX.STN3;4;4
IX.TEGI;-1;-1
IX.VDP3;-1;-1
IX.VDS3;-1;-1
IX.VGG3;-1;-1
IY.CHCE;2;2
IY.CIRK;4;4
IY.CNDF;5;5
IY.MCDA;5;5
IY.OPPI;3;3
IY.SPDC;-1;-1
KO.ASYA;0;0
KO.CRLT;0;0
KO.CRLU;0;0
KO.DOGC;0;0
KO.EDRB;0;0
KO.ENEZ;0;0
KO.ENZZ;0;0
KO.ERIK;2;2
KO.GADA;0;0
KO.GAZK;0;0
KO.GELI;0;0
KO.GOKC;0;0
KO.KUMB;0;0
KO.PHSR;2;2
KO.RKY;0;0
KO.TEKI;0;0
KO.TKR;0;0
KO.UKOP;0;0
LE.ENDD;0;0
LE.FBB;0;0
LE.FELD;0;0
LE.GUT;0;0
LE.KIZ;0;0
LE.MSS;0;0
LE.ROTE;0;0
LE.TETT;0;0
LE.VOGT;0;0
M1.ANAC;0;0
M1.LIPC;0;0
M1.LOSC;0;0
M1.LUKC;0;0
M1.MUVC;0;0
M1.PIVO;4;4
M1.RYBC;4;4
M1.SUPC;0;0
MD.KIS;1;1
MD.PURM;1;1
MD.SORM;1;1
ME.CEME;2;2
ME.KOME;0;0
MK.BIA;0;0
MK.KNEZ;0;0
MK.KRUS;0;0
MK.OHR;0;0
MK.OTOV;0;0
MK.SKO;0;0
MK.STIP;0;0
MK.VAY;0;0
MK.ZUPA;0;0
ML.MSDA;-1;-1
ML.XLND;-1;-1
MN.AQU;4;4
MN.BLY;4;4
MN.BNI;4;4
MN.CEL;4;4
MN.CUC;4;4
MN.DIVS;4;4
MN.PDG;4;4
MN.SENA;3;3
MN.TIP;4;4
MN.TIR;3;3
MN.TRI;5;5
MN.TUE;4;4
MN.VAE;4;4
MN.VLC;4;4
MN.VSL;4;4
MN.VTS;-1;-1
MN.WDD;4;4
MT.AVM;-1;-1
MT.AVP;-1;-1
MT.AVR;-1;-1
MT.CLP2;4;4
MT.CLP4;-1;4
MT.GAL;-1;3
MT.GRA1;-1;4
MT.GUI;-1;-1
MT.HAR1;-1;-1
MT.HAR2;-1;-1
MT.HAR3;-1;-1
MT.RES;-1;-1
MT.RUI;-1;4
MT.SZB;-1;-1
MT.SZC;-1;-1
MT.THE;-1;-1
NI.DST2;3;3
NI.PALA;-1;-1
NI.POLC;2;2
NI.PURA;-1;-1
NI.VINO;2;4
OE.ABTA;1;1
OE.ARSA;1;1
OE.BIOA;1;1
OE.CONA;2;2
OE.CSNA;1;1
OE.DAVA;1;1
OE.FETA;1;1
OE.KBA;1;1
OE.KMR;1;1
OE.LESA;1;1
OE.MOA;1;1
OE.MOTA;1;1
OE.MYKA;1;1
OE.OBKA;1;1
OE.RETA;1;1
OE.RONA;1;1
OE.SESA;1;1
OE.SOKA;1;1
OE.SQTA;1;1
OE.UNNA;1;1
OE.VIE;1;1
OE.WATA;1;1
OE.WINA;1;1
OE.WTTA;1;4
OT.CGL1;-1;-1
OT.MASS;-1;-1
OT.OT03;-1;-1
OT.OT04;-1;-1
OT.OT05;4;4
OT.OT06;-1;-1
OT.OT07;-1;-1
OT.OT11;4;4
OT.OT12;4;4
OT.OT13;-1;-1
OT.OT14;4;4
OT.OT15;-1;-1
OT.OT16;4;4
OT.OT17;-1;-1
OT.TAR1;-1;-1
OX.ACOM;2;2
OX.AGOR;4;4
OX.BAD;5;5
OX.BALD;5;5
OX.BOO;-1;-1
OX.CAE;-1;-1
OX.CIMO;-1;-1
OX.CLUD;-1;-1
OX.DRE;5;5
OX.FUSE;5;5
OX.MARN;5;5
OX.MLN;5;5
OX.MPRI;2;2
OX.PLRO;5;5
OX.PRED;5;5
OX.SABO;4;4
OX.VARN;-1;-1
PL.KWP;5;5
PL.NIE;5;5
PL.OJC;5;5
RA.BELV;-1;-1
RA.BRGM;-1;-1
RA.CABF;-1;-1
RA.CAGN;0;1
RA.GLAN;-1;-1
RA.IRPV;-1;-1
RA.IRVG;-1;-1
RA.MENA;-1;-1
RA.NALS;-1;-1
RA.NCAD;-1;-1
RA.NCAU;-1;-1
RA.NLIB;-1;-1
RA.NPOR;-1;-1
RA.NSJA;-1;-1
RA.OCCD;-1;-1
RA.OCLD;-1;-1
RA.OCMD;-1;-1
RA.OCMN;-1;-1
RA.OCOL;-1;-1
RA.OCOR;-1;-1
RA.OCSF;-1;-1
RA.OCSJ;-1;-1
RA.OGAN;-1;-1
RA.OGAP;-1;-1
RA.OGBA;-1;-1
RA.OGBB;-1;-1
RA.OGBC;-1;-1
RA.OGCA;-1;-1
RA.OGCU;-1;-1
RA.OGDH;-1;-1
RA.OGEP;-1;-1
RA.OGFO;-1;-1
RA.OGH1;-1;-1
RA.OGH2;-1;-1
RA.OGH3;-1;-1
RA.OGH4;-1;-1
RA.OGH5;-1;-1
RA.OGH6;-1;-1
RA.OGH7;-1;-1
RA.OGH8;-1;-1
RA.OGIM;-1;-1
RA.OGLE;-1;-1
RA.OGLP;-1;-1
RA.OGME;-1;-1
RA.OGMU;-1;-1
RA.OGPC;-1;-1
RA.OGPO;-1;-1
RA.OGPS;-1;-1
RA.OGSR;-1;-1
RA.PYPT;-1;-1
RA.SLAF;-1;-1
RA.STBO;-1;-1
RA.STBR;-1;-1
RA.STBU;-1;-1
RA.STFL;-1;-1
RA.STHE;-1;-1
RA.STRB;-1;-1
RA.STUF;-1;-1
RA.XXPL;-1;-1
RD.FLAF;-1;-1
RD.LFF;-1;-1
RD.LOR;0;0
RD.MTLF;0;0
RD.ORIF;4;4
RD.PGF;0;0
RD.RJF;-1;-1
RF.GEPF;2;2
RO.AMRR;1;1
RO.ARCR;1;1
RO.ARR;2;2
RO.BAC;0;0
RO.BAIL;2;2
RO.BANR;2;2
RO.BAPR;0;0
RO.BIR;1;1
RO.BISRR;1;1
RO.BIZ;2;2
RO.BMR;1;1
RO.BORR;1;1
RO.BOSR;2;2
RO.BSTR;0;0
RO.BTMR;0;0
RO.BUC;0;0
RO.BUC1;2;2
RO.BURAR;4;4
RO.BZS;2;2
RO.CBBR;3;3
RO.CEIR;1;1
RO.CFR;1;1
RO.CHLR;1;1
RO.CICN;2;2
RO.CIOR;3;3
RO.CJR;1;1
RO.CLISU;0;1
RO.COPA;2;2
RO.COPR;1;1
RO.CRAR;1;1
RO.CRBR;1;1
RO.CTISU;0;1
RO.CVD1;1;1
RO.CVDA;1;1
RO.DEV;1;1
RO.DJISU;0;1
RO.DOPR;1;1
RO.DRBR;1;1
RO.DRGR;2;2
RO.EFOR;2;2
RO.GHRR;1;1
RO.GIRR;1;1
RO.GISR;0;0
RO.GIUM;2;2
RO.GRER;1;1
RO.GRISU;0;1
RO.GZR;1;1
RO.HARR;1;1
RO.HERR;1;1
RO.HUMR;2;2
RO.IASR;2;2
RO.ICOR;1;1
RO.INCR;1;1
RO.ISR;1;1
RO.IZVR;1;1
RO.JIMR;1;1
RO.JOSR;1;1
RO.JURR;0;0
RO.LEHL;1;1
RO.LEOM;0;0
RO.LOT;1;1
RO.MANR;2;2
RO.MARR;1;1
RO.MDB;1;1
RO.MDVR;1;1
RO.MESR;1;1
RO.MFTR;2;2
RO.MHISU;0;1
RO.MILM;1;1
RO.MLR;1;1
RO.MTUR;1;1
RO.NARR;2;2
RO.NEGRR;1;1
RO.NEHR;2;2
RO.NGRR;2;2
RO.ODBI;1;1
RO.ODSR;1;1
RO.ONER;1;1
RO.OTISU;0;1
RO.PANC;2;2
RO.PGOR;1;1
RO.PLAR;1;1
RO.PLOR;2;2
RO.PLOR1;1;1
RO.PLOR2;1;1
RO.PLOR3;1;1
RO.PLOR4;1;1
RO.PLOR5;1;1
RO.PLOR6;1;1
RO.PLOR7;1;1
RO.PRAR;1;1
RO.PUNG;2;2
RO.RMGR;1;1
RO.RMVG;0;0
RO.SAHR;1;1
RO.SCHL;1;1
RO.SCHLR;1;1
RO.SCTR;1;1
RO.SGRR;0;0
RO.SIBR;3;3
RO.SIRR;1;1
RO.SNMR;1;1
RO.SRE;2;2
RO.STFAR;1;1
RO.SULR;2;2
RO.SURR;1;1
RO.TATR;1;1
RO.TESR;1;1
RO.TGMR;1;1
RO.TIM;0;0
RO.TLBR;1;1
RO.TLCR;2;2
RO.TNR;1;1
RO.TPGR;2;2
RO.TRISU;0;1
RO.TSCT;1;1
RO.TSMN;1;1
RO.TSSL;1;1
RO.TUDR;2;2
RO.VARL;1;1
RO.VASR;1;1
RO.VLAD;2;2
RO.VLDR;1;1
RO.VOIR;2;2
RO.VRI;2;2
RO.ZIMR;2;2
SI.ABSI;3;3
SI.BOSI;3;3
SI.KOSI;3;3
SI.LUSI;-1;-1
SI.MOSI;3;3
SI.ROSI;3;3
SJ.BBLS;0;0
SJ.BEO;2;2
SJ.DJES;0;0
SJ.FRGS;0;0
SJ.GRUS;0;0
SJ.SJES;0;0
SJ.SVIS;4;4
SK.IZAB;0;0
SK.KECS;0;0
SK.KOLS;0;0
SK.LANS;2;2
SK.MODS;0;0
SK.SPC;0;0
SK.SRO;0;0
SK.SRO2;0;0
SK.STHS;0;0
SK.VYHS;2;2
SK.ZST;2;2
SL.BOJS;2;2
SL.CADS;0;0
SL.CEY;0;0
SL.CRES;0;0
SL.CRNS;0;0
SL.DOBS;0;0
SL.GBAS;0;0
SL.GBRS;0;0
SL.GCIS;0;0
SL.GOLS;0;0
SL.GORS;2;2
SL.GROS;0;0
SL.JAVS;0;0
SL.KNDS;0;0
SL.KOGS;0;0
SL.LEGS;4;4
SL.LJU;0;0
SL.MOZS;0;0
SL.PDKS;0;3
SL.PERS;0;0
SL.ROBS;0;0
SL.SKDS;0;0
SL.VISS;0;0
SL.VNDS;0;1
SL.VOJS;2;2
SL.ZAVS;0;1
ST.CARE;-1;-1
ST.DOSS;-1;-1
ST.GAGG;-1;-1
ST.OZOL;-1;-1
ST.PANI;-1;-1
ST.RONC;-1;-1
ST.VARA;-1;-1
ST.ZIAN;-1;-1
TV.GMB1;-1;-1
TV.SF11;-1;-1
TV.SU26;-1;4
UD.KPD;4;4
VM.AMAD;-1;-1
VM.AMEN;-1;-1
VM.ASCL;-1;-1
VM.BELF;-1;-1
VM.MRSC;-1;-1
VM.MSM4;-1;-1
VM.PERG;-1;-1
VM.SRNA;-1;-1
VM.SSCV;-1;-1
VM.UNPM;-1;-1
VR.VRG01;5;5
VR.VRG02;5;5
VR.VRG03;5;5
XP.FR01A;-1;-1
XP.FR02A;-1;-1
XP.FR03A;-1;-1
XP.FR04A;-1;-1
XP.FR05A;-1;-1
XP.FR06A;-1;-1
XP.FR07A;-1;-1
XP.FR08A;-1;-1
XP.FR09A;-1;-1
XP.FR10A;-1;-1
XP.FR11A;-1;-1
XP.FR12A;-1;-1
XP.FR13A;-1;-1
XP.FR14A;-1;-1
XP.FR14B;-1;-1
XP.FR15A;-1;-1
XP.FR16A;-1;-1
XP.FR17A;-1;-1
XP.FR18A;-1;-1
XP.FR19A;-1;-1
XP.FR20A;-1;-1
XP.FR21A;-1;-1
XP.FR22A;-1;-1
XP.FR23A;-1;-1
XP.FR24A;-1;-1
XP.FR25A;-1;-1
XP.FR26A;-1;-1
XP.FR27A;-1;-1
XP.FR28A;-1;-1
XP.FR29A;-1;-1
XP.FR30A;-1;-1
XP.FR31A;-1;-1
XP.FR32A;-1;-1
XP.FR33A;-1;-1
XP.FR34A;-1;-1
XP.FR35A;-1;-1
Y5.BH01A;1;1
Y5.BH02A;1;1
Y5.BH03A;1;1
Y5.BH04A;1;1
Y5.BH05A;1;1
Y5.BH06A;1;1
Y5.BH07A;1;1
Y5.BH08A;1;1
Y5.BH09A;1;1
Y5.BH10A;1;1
Y5.BH11A;1;1
Y5.BH12A;1;1
Y5.BH13A;1;1
Y5.BH14A;1;1
Y5.BH15A;1;1
Y5.BH16A;1;1
Y5.BH17A;1;1
Y5.BH18A;1;1
Y5.BH19A;1;1
Y5.BH20A;1;1
Y8.AVR;0;0
Y8.BG01A;0;0
Y8.BG02A;0;0
Y8.BG03A;0;0
Y8.BG04A;0;0
Y8.BG05A;0;0
Y8.BG06A;1;1
Y8.BG07A;1;1
Y8.BG08A;1;1
Y8.BG09A;1;1
Y8.BG10A;1;1
Y8.BG11A;0;0
Y8.BG12A;0;0
Y8.BG13A;0;0
Y8.BG14A;1;1
Y8.BG16A;1;1
Y8.BG17A;1;1
Y8.BG18A;1;1
Y8.BG19A;0;0
Y8.BG20A;1;1
Y8.BG21A;1;1
Y8.DIM;1;1
Y8.JURR;0;0
Y8.ORH;1;1
Y8.PL01A;1;1
Y8.PL02A;1;1
Y8.PL03A;1;1
Y8.PL04A;1;1
Y8.PL05A;1;1
Y8.PL06A;1;1
Y8.PL07A;1;1
Y8.PL08A;1;1
Y8.PL09A;1;1
Y8.PL10A;1;1
Y8.PL11A;1;1
Y8.PL12A;1;1
Y8.PL13A;1;1
Y8.PL14A;1;1
Y8.PL15A;1;1
Y8.PL16A;1;1
Y8.PL17A;1;1
Y8.PL18A;1;1
Y8.PL19A;1;1
Y8.PL21A;1;1
Y8.PL22A;1;1
Y8.PL23A;1;1
Y8.PL24A;1;1
Y8.PL25A;1;1
Y8.PL26A;1;1
Y8.PL27A;1;1
Y8.PL30A;1;1
Y8.PL31A;1;1
Y8.PL32A;1;1
Y8.PL33A;1;1
Y8.PL34A;1;1
Y8.RO01A;1;1
Y8.RO02A;1;1
Y8.RO03A;0;0
Y8.RO04A;1;1
Y8.RO05A;0;0
Y8.RO06A;1;1
Y8.RO07A;1;1
Y8.RO09A;1;1
Y8.RO10A;1;1
Y8.RO11A;1;1
Y8.RO12A;0;0
Y8.RO13A;0;0
Y8.RO14A;0;0
Y8.RO15A;0;0
Y8.RO16A;0;0
Y8.RO17A;1;1
Y8.RO18A;1;1
Y8.RO19A;1;1
Y8.RO20A;1;1
Y8.RO22A;1;1
Y8.RO23A;1;1
Y8.RO24A;1;1
Y8.RO25A;1;1
Y8.RO26A;0;0
Y8.RO27A;1;1
Y8.RO28A;1;1
Y8.RO29A;1;1
Y8.RO30A;1;1
Y8.RO31A;1;1
Y8.RO32A;1;1
Y8.RO33A;1;1
Y8.RO34A;1;1
Y8.RO35A;1;1
Y8.RO36A;1;1
Y8.RO37A;1;1
Y8.RO38A;1;1
Y8.RO39A;1;1
Y8.RO43A;1;1
Y8.RO44A;1;1
Y8.RO45A;1;1
Y8.RO46A;1;1
Y8.SGRR;0;0
Y8.VLD;1;1
Z6.A015A;1;1
Z6.A023A;1;1
Z6.A025A;1;1
Z6.A026A;1;1
Z6.A027A;1;1
Z6.A028B;1;1
Z6.A029A;1;1
Z6.A030A;1;1
Z6.A031A;1;1
Z6.A032A;1;1
Z6.A033A;1;1
Z6.A034A;1;1
Z6.A035B;1;1
Z6.A036A;4;4
Z6.A076A;0;0
Z6.A077A;0;0
Z6.A078A;0;0
Z6.A079A;0;0
Z6.A080A;0;0
Z6.A081A;0;0
Z6.A082A;0;0
Z6.A083A;0;0
Z6.A084A;0;0
Z6.A085A;0;0
Z6.A086A;0;0
Z6.A087A;0;0
Z6.A088B;0;0
Z6.A089A;0;0
Z6.A090A;0;0
Z6.A104C;1;1
Z6.A141A;1;1
Z6.A143A;1;1
Z6.A145A;1;1
Z6.A146A;1;1
Z6.A148B;1;1
Z6.A260A;1;1
Z6.A261A;1;1
Z6.A262A;1;1
Z6.A262B;1;1
Z6.A263A;1;1
Z6.A264A;1;1
Z6.A265A;1;1
Z6.A266A;1;1
Z6.A267A;1;1
Z6.A271A;1;1
Z6.A272A;1;1
Z6.A273A;1;1
Z6.A365A;1;1
Z6.A367A;1;1
Z6.AL01A;1;1
Z6.AL02A;1;1
Z6.AL03A;1;1
Z6.AL04A;1;1
Z6.AL05A;1;1
Z6.AL06A;1;1
Z6.AL07A;1;1
Z6.AL08A;1;1
Z6.BRY;1;1
Z6.CP00A;0;0
Z6.CP01A;0;0
Z6.CP02A;0;0
Z6.CP03A;0;0
Z6.CP04A;0;0
Z6.CP05A;0;0
Z6.CP06A;0;0
Z6.CP07A;0;0
Z6.CP08A;0;0
Z6.CP09A;0;0
Z6.CP10A;0;0
Z6.CP11A;0;0
Z6.CP12A;0;0
Z6.CP13A;0;0
Z6.CP14A;0;0
Z6.CP15A;0;0
Z6.CP16A;0;0
Z6.CP17A;0;0
Z6.GMRK;1;1
Z6.HU01A;1;1
Z6.HU02A;1;1
Z6.HU03A;1;1
Z6.HU04B;1;1
Z6.HU05A;1;1
Z6.HU06A;1;1
Z6.HU07A;1;1
Z6.HU08A;1;1
Z6.HU09A;1;1
Z6.HU10A;1;1
Z6.HU11A;1;1
Z6.HU12A;1;1
Z6.HU13A;1;1
Z6.HU14A;1;1
Z6.HU21A;1;1
Z6.HU22A;1;1
Z6.HU23A;1;1
Z6.HU23B;1;1
Z6.HU24A;1;1
Z6.JOS;1;1
Z6.KKS;1;1
Z6.ME01A;1;1
Z6.ME02A;1;1
Z6.ME03A;1;1
Z6.ME05A;1;1
Z6.NKME;1;1
Z6.PEJK;1;1
Z6.PRZK;1;1
Z6.PVY;1;1
Z6.SK01A;0;0
Z6.SK02A;0;0
Z6.SK03A;0;0
Z6.SK04A;0;0
Z6.SK05A;0;0
Z6.SK07A;0;0
Z6.SK08A;0;0
Z6.SK11A;0;0
Z6.SK12A;0;0
Z6.SK13A;0;0
Z6.SK14B;0;0
Z6.SK15A;0;0
Z6.SK16A;0;0
Z6.SK17A;0;0
Z6.SK18A;0;0
Z6.SK19A;0;0
Z6.SK20A;0;0
Z6.SK21A;0;0
Z6.SK22A;0;0
